일시,일조합(hr),일조율(%),일사합(MJ/m2)
2024-01-01,2.2,22,
2024-01-02,7.6,76,
2024-01-03,5.9,59,
2024-01-04,9.2,92,
2024-01-05,2.1,21,
2024-01-06,9.2,91.1,
2024-01-07,8.8,87.1,
2024-01-08,0.1,1,
2024-01-09,0,0,
2024-01-10,7.3,72.3,
2024-01-11,8.5,84.2,
2024-01-12,8.1,80.2,
2024-01-13,9.3,91.2,
2024-01-14,6.3,61.8,
2024-01-15,9.4,92.2,
2024-01-16,8.2,80.4,
2024-01-17,4.8,47.1,
2024-01-18,0.5,4.9,
2024-01-19,0,0,
2024-01-20,0,0,
2024-01-21,0.2,1.9,
2024-01-22,6.8,66,
2024-01-23,5.5,52.9,
2024-01-24,5.9,56.7,
2024-01-25,2.9,27.9,
2024-01-26,5.5,52.9,
2024-01-27,6.3,60,
2024-01-28,9.4,89.5,
2024-01-29,9.5,90.5,
2024-01-30,0,0,
2024-01-31,3.2,30.2,
2024-02-01,0,0,
2024-02-02,0,0,
2024-02-03,0,0,
2024-02-04,2.2,20.6,
2024-02-05,4,37.4,
2024-02-06,2.2,20.6,
2024-02-07,6.8,63.6,
2024-02-08,8.6,79.6,
2024-02-09,8.1,75,
2024-02-10,4.4,40.7,
2024-02-11,7.8,71.6,
2024-02-12,9.7,89,
2024-02-13,7.5,68.8,
2024-02-14,0,0,
2024-02-15,7.9,71.8,
2024-02-16,8.9,80.9,
2024-02-17,8.3,74.8,
2024-02-18,0,0,
2024-02-19,6.5,58.6,
2024-02-20,0,0,
2024-02-21,0,0,
2024-02-22,0,0,
2024-02-23,0,0,
2024-02-24,0,0,
2024-02-25,0.6,5.3,
2024-02-26,6.5,57.5,
2024-02-27,8.3,72.8,
2024-02-28,0,0,
2024-02-29,0,0,
2024-03-01,7.9,68.7,
2024-03-02,9.2,80,
2024-03-03,1.5,12.9,
2024-03-04,2.7,23.3,
2024-03-05,0,0,
2024-03-06,0.5,4.3,
2024-03-07,9.4,80.3,
2024-03-08,10.4,88.9,
2024-03-09,10.9,92.4,
2024-03-10,11.1,94.1,
2024-03-11,1.6,13.6,
2024-03-12,8.3,69.7,
2024-03-13,10.4,87.4,
2024-03-14,8,67.2,
2024-03-15,11.3,94.2,
2024-03-16,6.4,53.3,
2024-03-17,3.1,25.8,
2024-03-18,9.7,80.2,
2024-03-19,8.3,68.6,
2024-03-20,10.6,87.6,
2024-03-21,11.5,94.3,
2024-03-22,6.3,51.6,
2024-03-23,5,41,
2024-03-24,0,0,
2024-03-25,0,0,
2024-03-26,9.4,76.4,
2024-03-27,7.6,61.3,
2024-03-28,0,0,
2024-03-29,2.8,22.6,
2024-03-30,9.4,75.2,
2024-03-31,0.2,1.6,
2024-04-01,10.9,87.2,
2024-04-02,0,0,
2024-04-03,0,0,
2024-04-04,0,0,
2024-04-05,8.4,66.1,
2024-04-06,2.8,22,
2024-04-07,9.7,75.8,
2024-04-08,0,0,
2024-04-09,8.3,64.8,21
2024-04-10,9.8,76,23.42
2024-04-11,0,0,5.5
2024-04-12,5.2,40.3,19.52
2024-04-13,9.3,71.5,25.12
2024-04-14,0.9,6.9,10.86
2024-04-15,4.4,33.8,16
2024-04-16,7.6,58.5,16.87
2024-04-17,0.6,4.6,11.37
2024-04-18,10.9,83.2,26.61
2024-04-19,8.5,64.9,21.05
2024-04-20,0,0,1.99
2024-04-21,0,0,4.69
2024-04-22,0,0,4.63
2024-04-23,0.7,5.3,9.22
2024-04-24,10.8,81.2,27.6
2024-04-25,11.2,84.2,27.28
2024-04-26,3,22.4,15.39
2024-04-27,10.6,79.1,27.3
2024-04-28,7.2,53.7,20.06
2024-04-29,0,0,4.42
2024-04-30,2.3,17,14.28
2024-05-01,0.6,4.4,9.64
2024-05-02,8.6,63.7,24.52
2024-05-03,12.2,89.7,28.77
2024-05-04,0.3,2.2,9.41
2024-05-05,0,0,0.86
2024-05-06,6.7,48.9,21.97
2024-05-07,12.4,90.5,27.33
2024-05-08,3.7,27,15.72
2024-05-09,12.7,92.7,29.08
2024-05-10,12.7,92,29.42
2024-05-11,0.5,3.6,9.01
2024-05-12,0,0,4.17
2024-05-13,12.6,91.3,29.44
2024-05-14,12.6,90.6,30.03
2024-05-15,12.1,87.1,29.92
2024-05-16,12.6,90.6,30.17
2024-05-17,12.5,89.9,30.31
2024-05-18,12.5,89.3,30.1
2024-05-19,12.6,90,30.6
2024-05-20,9.6,68.6,22.52
2024-05-21,11,78.6,28.08
2024-05-22,0.5,3.6,13.78
2024-05-23,9.8,69.5,24.33
2024-05-24,12.5,88.7,28.73
2024-05-25,11.4,80.9,28.56
2024-05-26,0.1,0.7,2.33
2024-05-27,0.5,3.5,9.92
2024-05-28,11.7,82.4,30.29
2024-05-29,12.4,87.3,29.35
2024-05-30,4.9,34.5,19.25
2024-05-31,1.8,12.7,11.12
2024-06-01,9.1,64.1,25.57
2024-06-02,6.5,45.8,20.93
2024-06-03,9.2,64.8,24.22
2024-06-04,12,83.9,28.67
2024-06-05,4,28,16.64
2024-06-06,0,0,8.27
2024-06-07,0.3,2.1,10.2
2024-06-08,0,0,6.8
2024-06-09,4.8,33.6,15.63
2024-06-10,11.7,81.8,28.87
2024-06-11,6.9,48.3,21.55
2024-06-12,9.1,63.6,22.28
2024-06-13,12.4,86.7,29.33
2024-06-14,4.1,28.7,18.31
2024-06-15,6.3,43.8,22.92
2024-06-16,11.1,77.1,25.37
2024-06-17,0.5,3.5,5.25
2024-06-18,12.8,88.9,30.27
2024-06-19,5.6,38.9,16.7
2024-06-20,0,0,1.08
2024-06-21,0.6,4.2,12.43
2024-06-22,0,0,1.88
2024-06-23,0.3,2.1,8.24
2024-06-24,3.9,27.1,17.15
2024-06-25,0,0,3.92
2024-06-26,1.3,9,12.05
2024-06-27,0,0,1.9
2024-06-28,0.7,4.9,9.45
2024-06-29,0,0,0.95
2024-06-30,0,0,1.25
2024-07-01,0.6,4.2,8.3
2024-07-02,0,0,3.97
2024-07-03,0,0,3.32
2024-07-04,2.2,15.4,16.18
2024-07-05,5.2,36.4,20.2
2024-07-06,0.1,0.7,6.97
2024-07-07,0,0,2.57
2024-07-08,0,0,2.94
2024-07-09,0,0,7.63
2024-07-10,0,0,3.21
2024-07-11,0,0,3.95
2024-07-12,10.8,76.1,27.2
2024-07-13,0,0,3.55
2024-07-14,0.1,0.7,5.39
2024-07-15,0,0,5.14
2024-07-16,2.1,14.9,15.66
2024-07-17,2.3,16.3,15.98
2024-07-18,0,0,3.42
2024-07-19,0.1,0.7,5.47
2024-07-20,1,7.1,11.82
2024-07-21,3.6,25.7,16.16
2024-07-22,6.4,45.7,22.05
2024-07-23,6.5,46.4,22.17
2024-07-24,9.9,70.7,23.78
2024-07-25,6.5,46.8,20.49
2024-07-26,0.1,0.7,6.77
2024-07-27,2.9,20.9,17.39
2024-07-28,6.7,48.2,22.28
2024-07-29,11.1,80.4,28.01
2024-07-30,12.3,89.1,28.23
2024-07-31,12,87,28.23
2024-08-01,9.7,70.3,24.56
2024-08-02,6.9,50,17.71
2024-08-03,10.4,75.9,20.4
2024-08-04,9,65.7,22.32
2024-08-05,6.5,47.4,16.92
2024-08-06,10,73,21.46
2024-08-07,9.2,67.6,22.8
2024-08-08,9.5,69.9,23.33
2024-08-09,10.3,75.7,26.36
2024-08-10,7.3,54.1,18.52
2024-08-11,6.3,46.7,18.34
2024-08-12,11.9,88.1,26.56
2024-08-13,8.9,65.9,20.19
2024-08-14,7.6,56.7,15.68
2024-08-15,7.2,53.7,19.37
2024-08-16,8.4,62.7,22.32
2024-08-17,5.5,41.4,14.82
2024-08-18,6.1,45.9,17.31
2024-08-19,10.7,80.5,25.15
2024-08-20,1.1,8.3,9.89
2024-08-21,3.5,26.5,13.95
2024-08-22,5.4,40.9,14.94
2024-08-23,7.7,58.8,20.79
2024-08-24,8.3,63.4,21.48
2024-08-25,7.4,56.5,17.65
2024-08-26,8.8,67.2,21.5
2024-08-27,8.4,64.6,21.26
2024-08-28,7.3,56.2,21.34
2024-08-29,8.8,67.7,22.82
2024-08-30,10.6,82.2,25.17
2024-08-31,10.7,82.9,25.82
2024-09-01,10.1,78.3,25.27
2024-09-02,10.4,81.3,22.97
2024-09-03,3.6,28.1,14.88
2024-09-04,7.9,61.7,22.4
2024-09-05,10.5,82.7,23.57
2024-09-06,9.7,76.4,23.24
2024-09-07,7.2,56.7,18.49
2024-09-08,5.8,46,15.53
2024-09-09,10,79.4,21.91
2024-09-10,7.7,61.1,20.51
2024-09-11,3.2,25.6,12.62
2024-09-12,8.1,64.8,21.34
2024-09-13,10.6,84.8,22.98
2024-09-14,10.8,87.1,23.1
2024-09-15,6.4,51.6,16.33
2024-09-16,1.6,12.9,9.37
2024-09-17,5.4,43.9,12.91
2024-09-18,9.6,78,22.23
2024-09-19,6.6,53.7,16.2
2024-09-20,0,0,5.38
2024-09-21,0.1,0.8,2.84
2024-09-22,1,8.3,10.65
2024-09-23,9.1,75.2,19.74
2024-09-24,8.3,68.6,20.2
2024-09-25,2.7,22.5,11.06
2024-09-26,7.6,63.3,16.89
2024-09-27,9,75,18.14
2024-09-28,10,84,19.4
2024-09-29,7.9,66.4,15.9
2024-09-30,9.6,80.7,19.31
2024-10-01,5.4,45.8,14.65
2024-10-02,3.4,28.8,13.77
2024-10-03,1.1,9.3,9.28
2024-10-04,10.6,90.6,20.91
2024-10-05,10,85.5,19.94
2024-10-06,1.2,10.3,10.14
2024-10-07,0,0,2.44
2024-10-08,9.4,81,18.65
2024-10-09,0.3,2.6,5.93
2024-10-10,3.5,30.2,13.47
2024-10-11,8.9,77.4,17.99
2024-10-12,9.6,83.5,17.54
2024-10-13,8.5,74.6,17.26
2024-10-14,1,8.8,6.49
2024-10-15,6,52.6,14.81
2024-10-16,5.4,47.8,13.85
2024-10-17,1.4,12.4,7.43
2024-10-18,1.3,11.5,6.72
2024-10-19,7.3,64.6,14.73
2024-10-20,0,0,4.08
2024-10-21,1,8.9,8.27
2024-10-22,7,63.1,14.91
2024-10-23,9,81.1,17.68
2024-10-24,10.1,91,17.91
2024-10-25,8.8,79.3,16.7
2024-10-26,0,0,5.39
2024-10-27,0,0,2.41
2024-10-28,1.9,17.3,8.97
2024-10-29,7,64.2,14.92
2024-10-30,6.1,56,12.86
2024-10-31,0.9,8.3,7.12
2024-11-01,0,0,0.63
2024-11-02,2.3,21.3,8.43
2024-11-03,9.3,86.1,14.77
2024-11-04,7.1,65.7,11.77
2024-11-05,6.7,62.6,14.07
2024-11-06,9.7,90.7,15.87
2024-11-07,8.8,82.2,14.98
2024-11-08,7.5,70.8,12.28
2024-11-09,2.6,24.5,8.68
2024-11-10,0,0,3.24
2024-11-11,9.6,90.6,14.81
2024-11-12,9.6,91.4,14.29
2024-11-13,9.2,87.6,14.7
2024-11-14,5,47.6,11.09
2024-11-15,0,0,3.22
2024-11-16,3.3,31.7,7.87
2024-11-17,5,48.1,10.77
2024-11-18,9.5,91.3,14.18
2024-11-19,4.4,42.3,10.63
2024-11-20,0,0,2.49
2024-11-21,7.1,68.9,11.17
2024-11-22,9.2,89.3,13.29
2024-11-23,4.8,46.6,7.66
2024-11-24,6.6,64.1,11.55
2024-11-25,1.6,15.7,6.74
2024-11-26,4.4,43.1,9.39
2024-11-27,3.2,31.4,7.54
2024-11-28,4.5,44.1,8.27
2024-11-29,1.3,12.7,3.96
2024-11-30,9.2,91.1,12.6
2024-12-01,3.1,30.7,6.13
2024-12-02,8.9,88.1,11.99
2024-12-03,5.9,58.4,9.7
2024-12-04,8.8,87.1,12.94
2024-12-05,6.3,62.4,9.84
2024-12-06,3.2,31.7,6.43
2024-12-07,7,70,10.73
2024-12-08,8.8,88,12.73
2024-12-09,6.5,65,10.55
2024-12-10,6.7,67,10.95
2024-12-11,0.7,7,4.9
2024-12-12,9.3,93,12.21
2024-12-13,2.8,28,5.96
2024-12-14,6.4,64,11.58
2024-12-15,1,10,4.55
2024-12-16,5.2,52,8.57
2024-12-17,6.9,69,9.74
2024-12-18,8.1,81,12
2024-12-19,8.9,89,12.78
2024-12-20,0.8,8,4.6
2024-12-21,1.8,18,5.89
2024-12-22,9,90,12.88
2024-12-23,7.7,77,11.62
2024-12-24,8.9,89,12.29
2024-12-25,5.2,52,8.6
2024-12-26,8.8,88,12.09
2024-12-27,9.1,91,12.38
2024-12-28,4,40,7.43
2024-12-29,7.4,74,11.96
2024-12-30,5,50,10.26
2024-12-31,8.9,89,12.7
2025-01-01,6.5,65,11.56
2025-01-02,7.1,71,11.16
2025-01-03,9.1,91,12.86
2025-01-04,8.4,84,12.24
2025-01-05,0,0,3.02
2025-01-06,5.4,53.5,9.1
2025-01-07,5.5,54.5,9.88
2025-01-08,3.1,30.7,6.29
2025-01-09,5.8,57.4,10.25
2025-01-10,5.9,58.4,11.9
2025-01-11,4,39.6,9.2
2025-01-12,7.6,75.2,10.59
2025-01-13,7.7,75.5,11.34
2025-01-14,8.3,81.4,11.29
2025-01-15,5.4,52.9,11.41
2025-01-16,7.5,73.5,13.48
2025-01-17,7.8,76.5,12.66
2025-01-18,3.2,31.1,8.58
2025-01-19,9.3,90.3,14.07
2025-01-20,8.8,85.4,12.71
2025-01-21,9.4,91.3,13.55
2025-01-22,4.7,45.2,9.16
2025-01-23,8.1,77.9,13.27
2025-01-24,6.1,58.7,11.52
2025-01-25,7.9,76,13.25
2025-01-26,0.5,4.8,6.51
2025-01-27,5.9,56.2,11.75
2025-01-28,1.5,14.3,6.87
2025-01-29,7,66.7,12.49
2025-01-30,9.8,92.5,15.63
2025-01-31,0.6,5.7,4.92
2025-02-01,0,0,2.5
2025-02-02,5.5,51.9,12.27
2025-02-03,7,65.4,13.24
2025-02-04,6.9,64.5,14.13
2025-02-05,4.3,40.2,10.83
2025-02-06,6,56.1,13.4
2025-02-07,4,37,9.53
2025-02-08,2.9,26.9,9.22
2025-02-09,6.2,57.4,14.52
2025-02-10,9.7,89,16.24
2025-02-11,9.6,88.1,16.79
2025-02-12,3.5,32.1,9.87
2025-02-13,10,90.9,18.09
2025-02-14,5.8,52.7,13.14
2025-02-15,0,0,1.96
2025-02-16,8.8,80,17.02
2025-02-17,8.7,78.4,17.71
2025-02-18,9.9,89.2,18.39
2025-02-19,9.3,83.8,18.24
2025-02-20,9.3,83,17.12
2025-02-21,9.3,83,18.27
2025-02-22,8.5,75.2,16.04
2025-02-23,7.3,64.6,15.51
2025-02-24,9.9,87.6,20.04
2025-02-25,4.2,37.2,11.95
2025-02-26,10.4,91.2,18.82
2025-02-27,1.3,11.4,5.35
2025-02-28,6.8,59.1,16.91
2025-03-01,0,0,1.68
2025-03-02,0.2,1.7,2.8
2025-03-03,0,0,3.06
2025-03-04,1.1,9.5,6.11
2025-03-05,0.2,1.7,4.98
2025-03-06,8.3,70.9,19.4
2025-03-07,6.6,56.4,16.76
2025-03-08,0.8,6.8,7.15
2025-03-09,10,84.7,20.06
2025-03-10,0,0,4.4
2025-03-11,0.3,2.5,7.43
2025-03-12,0.6,5,5.25
2025-03-13,1.7,14.3,10.2
2025-03-14,3.8,31.9,15.28
2025-03-15,0,0,4.82
2025-03-16,9,75,20.31
2025-03-17,10.7,89.2,23.21
2025-03-18,8.5,70.2,19.9
2025-03-19,10,82.6,23.74
2025-03-20,10.6,87.6,22.8
2025-03-21,10.4,85.2,22.3
2025-03-22,10.9,89.3,23.33
2025-03-23,10.3,84.4,22.64
2025-03-24,10.1,82.1,21.34
2025-03-25,10,81.3,21.22
2025-03-26,3.4,27.6,16.37
2025-03-27,0.2,1.6,3.97
2025-03-28,4.4,35.5,15.84
2025-03-29,2.5,20.2,12.83
2025-03-30,9.6,76.8,21.23
2025-03-31,8.4,67.2,22.05
2025-04-01,7.2,57.6,21.76
2025-04-02,10.7,84.9,24.63
2025-04-03,10,79.4,23.28
2025-04-04,7.3,57.9,20.45
2025-04-05,2.5,19.7,10.51
2025-04-06,10.8,85,25.95
2025-04-07,10.8,85,25.13
2025-04-08,10.3,80.5,24.44
2025-04-09,7.6,59.4,19.11
2025-04-10,7,54.3,20.68
2025-04-11,10.5,81.4,24.08
2025-04-12,0,0,3.64
2025-04-13,9.5,73.1,23.76
2025-04-14,9.2,70.8,25.14
2025-04-15,10.7,82.3,26.96
2025-04-16,10.2,78.5,23.87
2025-04-17,0,0,3.49
2025-04-18,4.6,35.1,18.04
2025-04-19,0.4,3.1,7.89
2025-04-20,0.9,6.8,7.67
2025-04-21,2.2,16.7,15.59
2025-04-22,1.7,12.9,7.99
2025-04-23,2.1,15.8,13.73
2025-04-24,9.3,69.9,25.79
2025-04-25,7.2,54.1,21.93
2025-04-26,11.7,87.3,28.36
2025-04-27,7,52.2,19.09
2025-04-28,8.1,60.4,23.81
2025-04-29,12.1,89.6,27.99
2025-04-30,12.2,90.4,27.56
2025-05-01,0.7,5.2,2.35
2025-05-02,12.4,91.9,28.78
2025-05-03,3.7,27.2,11.21
2025-05-04,12.5,91.9,29.61
2025-05-05,0.7,5.1,5.4
2025-05-06,2.8,20.4,9.39
2025-05-07,8,58.4,23.46
2025-05-08,8.2,59.9,23.34
2025-05-09,0,0,1.21
2025-05-10,7.1,51.4,19.46
2025-05-11,6.7,48.6,19.61
2025-05-12,12.6,91.3,28.31
2025-05-13,12.6,91.3,28.61
2025-05-14,5.8,41.7,15.72
2025-05-15,0,0,4.65
2025-05-16,0,0,1.6
2025-05-17,8.9,64,25.81
2025-05-18,4.8,34.3,20.08
2025-05-19,7.2,51.4,23.16
2025-05-20,0.9,6.4,9.47
2025-05-21,0,0,3.28
2025-05-22,6.3,45,21.51
2025-05-23,0,0,4.88
2025-05-24,0,0,5.24
2025-05-25,11.6,82.3,27.62
2025-05-26,10.9,77.3,26.25
2025-05-27,12.6,89.4,26.94
2025-05-28,6.6,46.8,20.6
2025-05-29,12.5,88,27.51
2025-05-30,12.4,87.3,26.94
2025-05-31,6.4,45.1,19.9
2025-06-01,11.4,80.3,28.23
2025-06-02,0,0,4.3
2025-06-03,10.2,71.8,28.24
2025-06-04,11.1,77.6,26.73
2025-06-05,11.8,82.5,29.93
2025-06-06,4.3,30.1,18.73
2025-06-07,0.5,3.5,8.2
2025-06-08,0,0,5.13
2025-06-09,2.4,16.8,13.19
2025-06-10,1.4,9.8,11.3
2025-06-11,5.2,36.4,19.71
2025-06-12,0,0,5.74
2025-06-13,0,0,6.28
2025-06-14,3.4,23.8,10.73
2025-06-15,0.3,2.1,7.37
2025-06-16,5.2,36.1,15.28
2025-06-17,6.4,44.4,19.37
2025-06-18,9.4,65.3,24.92
2025-06-19,0.2,1.4,8.78
2025-06-20,0,0,4.92
2025-06-21,0,0,2.53
2025-06-22,0.1,0.7,11.11
2025-06-23,4.5,31.3,19.11
2025-06-24,0,0,7.87
2025-06-25,12.2,84.7,28.54
2025-06-26,10.5,72.9,27.72
2025-06-27,5.8,40.6,22.28
2025-06-28,7.8,54.5,24.95
2025-06-29,12.4,86.7,29.56
2025-06-30,12.2,85.3,27.86
2025-07-01,10.6,74.1,27.41
2025-07-02,12.7,88.8,29.15
2025-07-03,12,83.9,28.83
2025-07-04,11.5,80.4,27.96
2025-07-05,10.2,71.3,28.55
2025-07-06,11.5,80.4,28.53
2025-07-07,12,83.9,28.6
2025-07-08,10.2,71.3,27.46
2025-07-09,2.8,19.7,14.29
2025-07-10,4.2,29.6,17.06
2025-07-11,0,0,5.42
2025-07-12,0,0,3.54
2025-07-13,0.3,2.1,7.58
2025-07-14,12.3,86.6,29.34
2025-07-15,9.4,66.2,23.29
2025-07-16,0,0,9.18
2025-07-17,0.1,0.7,9.64
2025-07-18,2.5,17.7,11.89
2025-07-19,1.6,11.3,12.92
2025-07-20,5.6,39.7,22.09
2025-07-21,10.3,73.6,27.5
2025-07-22,11.1,79.3,28.36
2025-07-23,12.5,89.3,28.57
2025-07-24,12.5,89.3,28.83
2025-07-25,12.5,89.3,28.68
2025-07-26,11.8,84.9,26.03
2025-07-27,5.7,41,20.91
2025-07-28,12.2,87.8,28.75
2025-07-29,11.4,82,27.03
2025-07-30,3.7,26.8,14.67
2025-07-31,10.3,74.6,26.69
2025-08-01,11.5,83.3,25.17
2025-08-02,12.6,91.3,28.12
2025-08-03,0,0,5.41
2025-08-04,0.2,1.5,8.17
2025-08-05,6.8,49.6,20.77
2025-08-06,0.7,5.1,8.93
2025-08-07,2.2,16.2,15.53
2025-08-08,1.2,8.8,11.22
2025-08-09,0,0,2.98
2025-08-10,0.1,0.7,6.09
2025-08-11,0,0,1.74
2025-08-12,1.6,11.9,11.76
2025-08-13,8.4,62.2,21.75
2025-08-14,11,82.1,25.48
2025-08-15,10.9,81.3,26.39
2025-08-16,11.2,83.6,26.74
2025-08-17,11.5,86.5,24.88
2025-08-18,10.8,81.2,24.6
2025-08-19,9.7,72.9,24.41
2025-08-20,11.2,84.8,26.33
2025-08-21,6.2,47,16.49
2025-08-22,11.4,86.4,26.2
2025-08-23,11.3,85.6,25.96
2025-08-24,9.2,70.2,24.52
2025-08-25,8.8,67.2,23.89
2025-08-26,9.1,69.5,22.54
2025-08-27,8.1,62.3,19.9
2025-08-28,10.3,79.2,25.5
2025-08-29,10.3,79.2,24.9
2025-08-30,10.1,78.3,22.9
2025-08-31,3,23.3,14.59
2025-09-01,7.8,60.5,21.47
2025-09-02,7.2,56.3,16.36
2025-09-03,10,78.1,24.14
2025-09-04,6.9,53.9,17.04
2025-09-05,10.4,81.9,24.37
2025-09-06,8.5,66.9,21.97
2025-09-07,8.2,64.6,21.44
2025-09-08,6.9,54.8,17.93
2025-09-09,2.3,18.3,10.28
2025-09-10,5.6,44.4,18.77
2025-09-11,9.9,79.2,22.18
2025-09-12,6.2,49.6,17.34
2025-09-13,1.4,11.2,9.59
2025-09-14,5.2,41.9,16.61
2025-09-15,10.2,82.3,22.14
2025-09-16,10.7,86.3,22.96
2025-09-17,9.3,75.6,21.01
2025-09-18,9.1,74,20.14
2025-09-19,3.9,31.7,13.6
2025-09-20,3.7,30.3,12.52
2025-09-21,9.3,76.2,19.14
2025-09-22,9.2,75.4,19.91
2025-09-23,8.1,66.9,18.26
2025-09-24,7.5,62,18.59
2025-09-25,4.5,37.2,12.8
2025-09-26,2.7,22.5,8.78
2025-09-27,0,0,4.06
2025-09-28,4.9,40.8,14.93
2025-09-29,7.8,65.5,18
2025-09-30,4.3,36.1,13.12
2025-10-01,10.5,88.2,20.52
2025-10-02,6.6,55.9,17.49
2025-10-03,0.1,0.8,2.31
2025-10-04,5.2,44.1,14.58
2025-10-05,10.4,88.9,19.49
2025-10-06,7.2,61.5,17.11
2025-10-07,9,76.9,18.4
2025-10-08,7.1,61.2,17.85
2025-10-09,8.6,74.1,17.7
2025-10-10,10.4,89.7,18.67
2025-10-11,8,69.6,17.16
2025-10-12,10.7,93,18.95
2025-10-13,7.7,67.5,15.79
2025-10-14,5.3,46.5,12.95
2025-10-15,5.2,45.6,13.54
2025-10-16,1.8,15.9,9.32
2025-10-17,0.9,8,7.99
2025-10-18,1.1,9.7,8.77
2025-10-19,1.3,11.5,9.17
2025-10-20,7.3,65.2,15.61
2025-10-21,0.7,6.3,8.32
2025-10-22,9.7,86.6,16.65
2025-10-23,8.3,74.8,15.46
2025-10-24,9.9,89.2,17.56
2025-10-25,8.8,79.3,16.29
2025-10-26,5.5,50,13.31
2025-10-27,10,90.9,17.56
2025-10-28,10,90.9,18.01
2025-10-29,10,91.7,17.04
2025-10-30,5.4,49.5,11.64
2025-10-31,5,45.9,10.9
2025-11-01,9.4,87,15.92
2025-11-02,8.1,75,14.87
2025-11-03,9.3,86.1,16.28
2025-11-04,1.6,14.8,8.6
2025-11-05,9.6,89.7,15.53
2025-11-06,9.3,86.9,15.64
2025-11-07,7.2,67.3,12.77
2025-11-08,0,0,1.87
2025-11-09,7,66,14.08
2025-11-10,9.7,91.5,15.71
2025-11-11,7.3,68.9,13.37
2025-11-12,0.1,1,3.99
2025-11-13,5.8,55.2,11.73
2025-11-14,9.6,91.4,15
2025-11-15,9.5,90.5,14.78
2025-11-16,9.5,91.3,14.09
2025-11-17,1.4,13.5,5.38
2025-11-18,5.2,50,11.24
2025-11-19,5.7,54.8,11.83
2025-11-20,8.8,85.4,13.77
2025-11-21,9.4,91.3,13.75
2025-11-22,7,68,11.84
2025-11-23,9.5,92.2,14.01
2025-11-24,5,48.5,9.63
2025-11-25,8.1,79.4,12.88
2025-11-26,6.9,67.6,11.26
2025-11-27,5.6,54.9,9.14
2025-11-28,8.6,84.3,12.57
2025-11-29,5.5,53.9,10.25
2025-11-30,6.2,61.4,11.51
2025-12-01,7.6,75.2,10.81
2025-12-02,6.8,67.3,11.11
2025-12-03,5.1,50.5,9.54
2025-12-04,2.2,21.8,6.58
2025-12-05,7,69.3,11.82
2025-12-06,7.2,71.3,11.4
2025-12-07,8.8,88,11.78
2025-12-08,9,90,12.25
2025-12-09,8.2,82,12.65
2025-12-10,7.4,74,11.51
2025-12-11,7.8,78,11.53
2025-12-12,9.3,93,12.51
2025-12-13,0.5,5,4.3
2025-12-14,1.7,17,5.46
2025-12-15,7.5,75,11.33
2025-12-16,6.8,68,10.14
2025-12-17,8.4,84,11.64
2025-12-18,8.4,84,12.21
2025-12-19,3.9,39,7.52
2025-12-20,2.5,25,7.3
2025-12-21,4.7,47,7.78
2025-12-22,9.2,92,12.64
2025-12-23,2,20,6.21
2025-12-24,1,10,6.03
2025-12-25,5.6,56,10.84
2025-12-26,5.5,55,9.45
2025-12-27,1.6,16,4.6
2025-12-28,7,70,11.17
2025-12-29,4.7,47,7.95
2025-12-30,8.1,81,11.54
2025-12-31,8.5,85,11.99
